label,f0,f1,f2,f3,f4,f5,f6,f7,f8,f9,f10,f11,f12,f13,f14,f15,f16,f17,f18,f19,f20,f21,f22,f23,f24,f25,f26,mass
1.000000000000000000e+00,-3.463682234287261963e-01,4.163057804107666016e-01,9.992359876632690430e-01,4.753417074680328369e-01,4.274929165840148926e-01,-5.983562208712100983e-03,1.989832520484924316e+00,3.445295989513397217e-01,1.566296696662902832e+00,7.542607188224792480e-01,2.269852161407470703e+00,-1.300984025001525879e+00,-1.199420332908630371e+00,-1.161914706230163574e+00,3.357043027877807617e+00,4.607962369918823242e-01,-4.041183888912200928e-01,-8.154401183128356934e-01,4.105282306671142578e+00,2.678260505199432373e-01,3.787182569503784180e-01,1.743123292922973633e+00,3.406366586685180664e+00,4.350536823272705078e+00,-3.525707721710205078e-01,1.130031704902648926e+00,2.227706432342529297e+00,1.000000000000000000e+03
1.000000000000000000e+00,1.708235502243041992e+00,-3.193937540054321289e-01,-1.241872787475585938e+00,-8.872309923171997070e-01,-8.719057440757751465e-01,-5.983562208712100983e-03,-1.046968740411102772e-03,-1.038224935531616211e+00,6.557484269142150879e-01,7.542607188224792480e-01,4.592171907424926758e-01,-6.956395506858825684e-01,3.598558306694030762e-01,-1.161914706230163574e+00,-5.020480155944824219e-01,5.051493644714355469e-01,-1.500440716743469238e+00,1.226331114768981934e+00,-1.178141355514526367e+00,-8.773609995841979980e-01,-1.483768820762634277e+00,-5.736824870109558105e-01,-1.693780899047851562e+00,-5.450618267059326172e-01,-2.991181313991546631e-01,-6.629419326782226562e-01,-1.930193156003952026e-01,7.500000000000000000e+02
0.000000000000000000e+00,-3.606934249401092529e-01,1.794174432754516602e+00,2.647381126880645752e-01,-4.722725450992584229e-01,-2.923437654972076416e-01,-1.054220795631408691e+00,-1.150494813919067383e+00,1.423404335975646973e+00,1.270097970962524414e+00,7.542607188224792480e-01,-1.031239390373229980e+00,1.912464618682861328e+00,-1.321417093276977539e+00,-1.161914706230163574e+00,-4.067569077014923096e-01,1.346497058868408203e+00,-2.980992197990417480e-01,1.226331114768981934e+00,-1.199511051177978516e+00,5.390201210975646973e-01,-1.590628623962402344e+00,-5.736824870109558105e-01,-5.436362028121948242e-01,-9.374560117721557617e-01,-3.003435432910919189e-01,-5.232619643211364746e-01,-1.506304264068603516e+00,7.500000000000000000e+02
1.000000000000000000e+00,-3.779138624668121338e-01,-1.039324700832366943e-01,-6.494339704513549805e-01,-2.125015258789062500e+00,-1.643797397613525391e+00,-5.983562208712100983e-03,1.011112093925476074e+00,-1.040339589118957520e+00,-5.419911742210388184e-01,7.542607188224792480e-01,1.142261981964111328e+00,5.510814785957336426e-01,1.016730904579162598e+00,8.606486320495605469e-01,4.540049135684967041e-01,6.246244907379150391e-01,1.439071893692016602e+00,-8.154401183128356934e-01,4.637632071971893311e-01,-6.582726258784532547e-03,1.089121580123901367e+00,-5.736824870109558105e-01,-2.763481140136718750e-01,-4.092722535133361816e-01,-3.499257564544677734e-01,-3.071230649948120117e-01,5.296976566314697266e-01,1.250000000000000000e+03
0.000000000000000000e+00,-6.743614375591278076e-02,-6.367617845535278320e-01,-6.201657652854919434e-01,-6.255065649747848511e-02,1.588714718818664551e+00,-5.983562208712100983e-03,-5.953044295310974121e-01,-1.238987326622009277e+00,3.368440270423889160e-01,-1.325801372528076172e+00,-1.815123409032821655e-01,-1.329374194145202637e+00,8.790867328643798828e-01,8.606486320495605469e-01,-1.435635983943939209e-01,-1.293935298919677734e+00,-1.222800493240356445e+00,-8.154401183128356934e-01,-5.528373718261718750e-01,-1.418493986129760742e+00,-5.629821419715881348e-01,1.743123292922973633e+00,8.818023800849914551e-01,2.515836851671338081e-03,1.560949921607971191e+00,-1.507602334022521973e-01,-1.023889183998107910e+00,7.500000000000000000e+02
1.000000000000000000e+00,2.420021444559097290e-01,1.724236369132995605e+00,-6.868187785148620605e-01,-1.927090734243392944e-01,-5.982964038848876953e-01,1.574625492095947266e+00,-4.890353083610534668e-01,7.544826865196228027e-01,1.452710509300231934e+00,7.542607188224792480e-01,-9.221886098384857178e-02,1.004066348075866699e+00,-4.109361171722412109e-01,8.606486320495605469e-01,6.127065420150756836e-01,5.844161510467529297e-01,9.509747624397277832e-01,-8.154401183128356934e-01,6.714597940444946289e-01,1.746370553970336914e+00,1.363543987274169922e+00,-5.736824870109558105e-01,-9.178513288497924805e-02,-4.317861795425415039e-01,-2.517268657684326172e-01,-1.236341238021850586e+00,-5.617147684097290039e-01,4.999999694824218750e+02
0.000000000000000000e+00,2.204765319824218750e+00,2.836205065250396729e-01,-2.225772440433502197e-01,-2.717263460159301758e+00,9.965900778770446777e-01,-5.983562208712100983e-03,8.475616574287414551e-01,7.208763957023620605e-01,1.350050568580627441e+00,7.542607188224792480e-01,-7.860106825828552246e-01,1.727220714092254639e-01,-6.473714709281921387e-01,8.606486320495605469e-01,-1.243095770478248596e-01,5.341164469718933105e-01,-1.603976130485534668e+00,-8.154401183128356934e-01,-4.298069775104522705e-01,9.515889286994934082e-01,1.083607673645019531e+00,-5.736824870109558105e-01,-4.479413330554962158e-01,-4.224422276020050049e-01,-3.445318043231964111e-01,1.492983460426330566e+00,3.563709929585456848e-02,1.500000000000000000e+03
0.000000000000000000e+00,5.206791162490844727e-01,7.902089357376098633e-01,-2.215180099010467529e-01,-4.241885989904403687e-02,-5.256733298301696777e-01,-5.983562208712100983e-03,-3.388013690710067749e-02,-4.321974813938140869e-01,1.471762776374816895e+00,7.542607188224792480e-01,5.052654147148132324e-01,1.974639296531677246e-01,-1.722556352615356445e+00,-1.161914706230163574e+00,1.148091793060302734e+00,-1.407413482666015625e-01,-3.145523667335510254e-01,1.226331114768981934e+00,8.283398747444152832e-01,1.649280339479446411e-01,9.528988599777221680e-02,-5.736824870109558105e-01,-2.854562401771545410e-01,-4.981611371040344238e-01,-3.295206427574157715e-01,-8.187600970268249512e-02,1.104590203613042831e-02,1.500000000000000000e+03
0.000000000000000000e+00,-4.212979674339294434e-01,-9.658296704292297363e-01,-1.499215960502624512e+00,-2.741043455898761749e-02,-7.522116303443908691e-01,-1.054220795631408691e+00,-4.703330099582672119e-01,-2.175215780735015869e-01,-1.555876851081848145e+00,7.542607188224792480e-01,-2.816475182771682739e-02,-7.117776572704315186e-02,4.698333740234375000e-01,-1.161914706230163574e+00,-1.061822175979614258e+00,-1.195330262184143066e+00,5.226920843124389648e-01,1.226331114768981934e+00,-1.039832234382629395e+00,-6.207616254687309265e-02,-1.046857908368110657e-01,-5.736824870109558105e-01,-9.205864071846008301e-01,-1.227982878684997559e+00,-3.491462171077728271e-01,-2.571452856063842773e-01,-8.841751217842102051e-01,7.500000000000000000e+02
0.000000000000000000e+00,2.706538438796997070e-01,2.019135713577270508e+00,3.926189839839935303e-01,-7.436031103134155273e-01,1.423034071922302246e+00,8.504884839057922363e-01,-2.166688591241836548e-01,-1.562160134315490723e+00,-8.546837568283081055e-01,-1.325801372528076172e+00,-4.731808900833129883e-01,9.400258064270019531e-01,8.133604526519775391e-01,-1.161914706230163574e+00,2.444918155670166016e-01,1.316077589988708496e+00,1.328654289245605469e+00,1.226331114768981934e+00,8.628373742103576660e-01,1.050895690917968750e+00,-5.820823907852172852e-01,1.743123292922973633e+00,6.713860034942626953e-01,-2.988728284835815430e-01,-1.133933290839195251e-01,-5.358827710151672363e-01,8.861056566238403320e-01,1.500000000000000000e+03
1.000000000000000000e+00,-9.121331572532653809e-01,1.131419539451599121e+00,-9.343194961547851562e-01,-1.616539359092712402e+00,1.308467388153076172e+00,-1.054220795631408691e+00,7.457687854766845703e-01,9.648463129997253418e-02,-1.213254570960998535e+00,7.542607188224792480e-01,9.215245842933654785e-01,-6.766451001167297363e-01,4.120415449142456055e-01,8.606486320495605469e-01,9.822348356246948242e-01,-1.044054269790649414e+00,8.478969931602478027e-01,-8.154401183128356934e-01,-1.144045352935791016e+00,-1.363915085792541504e+00,-2.365187108516693115e-01,-5.736824870109558105e-01,1.060460731387138367e-01,-4.311753064393997192e-02,-2.852202355861663818e-01,-3.860161900520324707e-01,6.864658743143081665e-02,7.500000000000000000e+02
1.000000000000000000e+00,1.071248173713684082e+00,-4.235390722751617432e-01,1.712028741836547852e+00,1.688541889190673828e+00,-1.555308699607849121e+00,-1.054220795631408691e+00,2.105680227279663086e+00,-3.634761571884155273e-01,1.353959143161773682e-01,7.542607188224792480e-01,1.613777041435241699e+00,-2.277752161026000977e-01,-1.424475312232971191e+00,8.606486320495605469e-01,8.179870843887329102e-01,2.355505704879760742e+00,1.403001189231872559e+00,-8.154401183128356934e-01,2.102756947278976440e-01,4.279498755931854248e-02,3.936736583709716797e-01,-5.736824870109558105e-01,2.202604770660400391e+00,4.236441612243652344e+00,-2.992029190063476562e-01,2.393701314926147461e+00,2.099725484848022461e+00,1.500000000000000000e+03
0.000000000000000000e+00,-6.463279128074645996e-01,1.323673725128173828e-01,8.641489148139953613e-01,5.961579084396362305e-01,2.661385834217071533e-01,-1.054220795631408691e+00,-8.012116551399230957e-01,2.318540066480636597e-01,2.969945371150970459e-01,7.542607188224792480e-01,-1.739499926567077637e+00,8.174172043800354004e-01,-8.433648943901062012e-01,-1.161914706230163574e+00,-2.010648250579833984e+00,-1.442537665367126465e+00,-1.242239117622375488e+00,1.226331114768981934e+00,-1.368451476097106934e+00,-1.897232979536056519e-01,-1.710975527763366699e+00,-5.736824870109558105e-01,-8.005886673927307129e-01,-5.940362215042114258e-01,-3.775328397750854492e-01,-1.138449683785438538e-01,-1.300183892250061035e+00,1.000000000000000000e+03
1.000000000000000000e+00,-1.591314077377319336e+00,-1.575165987014770508e+00,-6.445430517196655273e-01,1.227497458457946777e+00,-7.431808710098266602e-01,-1.054220795631408691e+00,-2.818092107772827148e-01,1.324475765228271484e+00,1.309828996658325195e+00,7.542607188224792480e-01,2.672979794442653656e-02,7.793511748313903809e-01,1.802722364664077759e-01,-1.161914706230163574e+00,6.524523496627807617e-01,1.580676674842834473e+00,1.541057586669921875e+00,-8.154401183128356934e-01,3.978880941867828369e-01,1.092147469520568848e+00,6.755387783050537109e-01,1.743123292922973633e+00,1.639281272888183594e+00,7.639971971511840820e-01,-3.333254158496856689e-01,1.276859521865844727e+00,3.895628750324249268e-01,1.000000000000000000e+03
0.000000000000000000e+00,-1.447336673736572266e+00,-8.635714650154113770e-02,6.803292036056518555e-01,5.304276198148727417e-02,3.755668401718139648e-01,1.574625492095947266e+00,1.459079384803771973e-01,1.195234298706054688e+00,-8.098258972167968750e-01,7.542607188224792480e-01,-3.413747251033782959e-01,1.554287195205688477e+00,1.131334185600280762e+00,8.606486320495605469e-01,-4.906748533248901367e-01,2.022614628076553345e-01,-1.563438773155212402e+00,-8.154401183128356934e-01,2.739772498607635498e-01,-1.545307040214538574e+00,8.483120799064636230e-01,-5.736824870109558105e-01,-2.606058418750762939e-01,-2.412537485361099243e-01,-3.597699999809265137e-01,1.090039983391761780e-01,3.225398063659667969e-01,7.500000000000000000e+02
0.000000000000000000e+00,-7.826576232910156250e-01,-4.063365459442138672e-01,1.105926156044006348e+00,-1.350471079349517822e-01,-8.973993062973022461e-01,-5.983562208712100983e-03,1.921792328357696533e-01,-6.742984652519226074e-01,-1.505853533744812012e+00,7.542607188224792480e-01,2.520779967308044434e-01,1.231854483485221863e-01,-1.549466103315353394e-01,-1.161914706230163574e+00,1.844817250967025757e-01,5.485028624534606934e-01,8.537700176239013672e-01,-8.154401183128356934e-01,2.382399588823318481e-01,1.118733167648315430e+00,2.263034582138061523e-01,-5.736824870109558105e-01,6.065080761909484863e-01,-5.595781207084655762e-01,2.651761770248413086e-01,-4.884382486343383789e-01,-3.002863824367523193e-01,1.000000000000000000e+03
1.000000000000000000e+00,-8.625284433364868164e-01,1.842455387115478516e+00,1.097853541374206543e+00,-1.961543798446655273e+00,1.677870631217956543e+00,8.504884839057922363e-01,-1.695416718721389771e-01,4.519920945167541504e-01,8.112763762474060059e-01,-1.325801372528076172e+00,5.541811585426330566e-01,-5.329803228378295898e-01,-5.176369547843933105e-01,8.606486320495605469e-01,9.192962646484375000e-01,-3.278363868594169617e-02,-9.371418356895446777e-01,-8.154401183128356934e-01,1.209933042526245117e+00,8.647800683975219727e-01,1.182582616806030273e+00,1.743123292922973633e+00,-3.399003744125366211e-01,-4.132603406906127930e-01,-3.709709346294403076e-01,-1.218445658683776855e+00,-2.405736744403839111e-01,7.500000000000000000e+02
0.000000000000000000e+00,-1.292565464973449707e+00,-9.931066632270812988e-01,-2.560570538043975830e-01,-1.779911071062088013e-01,3.161978423595428467e-01,-1.054220795631408691e+00,-1.200322151184082031e+00,6.819834709167480469e-01,-1.583777308464050293e+00,7.542607188224792480e-01,-6.267315745353698730e-01,5.151813030242919922e-01,5.901525020599365234e-01,-1.161914706230163574e+00,-2.344961315393447876e-01,8.089718818664550781e-01,-3.410568833351135254e-01,-8.154401183128356934e-01,2.869658172130584717e-01,-7.068651318550109863e-01,-1.311387062072753906e+00,1.743123292922973633e+00,2.746061384677886963e-01,1.982983052730560303e-01,-3.074689209461212158e-01,-5.906921029090881348e-01,-1.118603229522705078e+00,4.999999694824218750e+02
1.000000000000000000e+00,-1.169702112674713135e-01,1.419743299484252930e+00,2.082049101591110229e-01,-2.161328554153442383e+00,-1.578641057014465332e+00,-1.054220795631408691e+00,-6.475018858909606934e-01,3.186408281326293945e-01,1.084420442581176758e+00,7.542607188224792480e-01,-4.982554614543914795e-01,5.258806943893432617e-01,-1.141230940818786621e+00,8.606486320495605469e-01,-6.867051124572753906e-01,1.307406067848205566e+00,-7.230014204978942871e-01,-8.154401183128356934e-01,-1.204873323440551758e+00,1.708922386169433594e+00,4.310409426689147949e-01,-5.736824870109558105e-01,-5.704445242881774902e-01,-6.022468805313110352e-01,-3.656371533870697021e-01,-5.755309462547302246e-01,-1.232553124427795410e+00,4.999999694824218750e+02
0.000000000000000000e+00,-1.134711384773254395e+00,1.257472515106201172e+00,-4.198449552059173584e-01,-8.480544090270996094e-01,-1.568314671516418457e+00,-1.054220795631408691e+00,-1.443435698747634888e-01,-7.703577727079391479e-02,-7.011294364929199219e-01,7.542607188224792480e-01,-4.300979971885681152e-01,-5.902914404869079590e-01,1.070129036903381348e+00,8.606486320495605469e-01,9.695249027572572231e-04,6.452996134757995605e-01,1.115710496902465820e+00,-8.154401183128356934e-01,-2.784972488880157471e-01,3.403432369232177734e-01,3.066181838512420654e-01,-5.736824870109558105e-01,-3.844131529331207275e-01,-3.648418784141540527e-01,-3.098048269748687744e-01,-6.736897230148315430e-01,-9.578033685684204102e-01,7.500000000000000000e+02
1.000000000000000000e+00,7.775931954383850098e-01,6.677749156951904297e-01,1.018556132912635803e-01,-3.522022962570190430e+00,1.419925093650817871e-01,-1.054220795631408691e+00,1.144868612289428711e+00,5.619820356369018555e-01,-1.696740746498107910e+00,-1.325801372528076172e+00,1.059453964233398438e+00,1.033179578371345997e-03,-1.786071956157684326e-01,8.606486320495605469e-01,1.527844190597534180e+00,9.239406138658523560e-02,5.201907157897949219e-01,-8.154401183128356934e-01,1.507749080657958984e+00,3.822788298130035400e-01,-1.202101111412048340e+00,1.743123292922973633e+00,2.842339515686035156e+00,2.711544275283813477e+00,-3.319058120250701904e-01,-6.533998847007751465e-01,3.645021319389343262e-01,1.000000000000000000e+03
1.000000000000000000e+00,-8.791088461875915527e-01,-3.255105018615722656e-01,-1.431813001632690430e+00,-1.260605007410049438e-01,-3.687064945697784424e-01,8.504884839057922363e-01,1.806726008653640747e-01,2.397857606410980225e-01,-1.252257972955703735e-01,7.542607188224792480e-01,6.978797316551208496e-01,1.885921955108642578e+00,1.264093518257141113e+00,8.606486320495605469e-01,5.406982302665710449e-01,1.158519268035888672e+00,-1.691194057464599609e+00,-8.154401183128356934e-01,1.138613224029541016e+00,9.772390127182006836e-01,1.331226944923400879e+00,-5.736824870109558105e-01,-7.209018468856811523e-01,-4.753966927528381348e-01,-3.623684942722320557e-01,-1.225687786936759949e-01,4.250094592571258545e-01,4.999999694824218750e+02
0.000000000000000000e+00,-1.701104283332824707e+00,-6.622259616851806641e-01,-1.168619513511657715e+00,7.485420703887939453e-01,1.661336064338684082e+00,8.504884839057922363e-01,3.724002838134765625e-02,-7.230152487754821777e-01,-4.932340681552886963e-01,7.542607188224792480e-01,1.384008973836898804e-01,-9.472563266754150391e-01,-2.172101289033889771e-03,-1.161914706230163574e+00,7.686910629272460938e-01,6.765804290771484375e-01,1.200093865394592285e+00,1.226331114768981934e+00,8.977248668670654297e-01,-1.495061218738555908e-01,-1.719357967376708984e-01,-5.736824870109558105e-01,-4.205162450671195984e-02,-2.673954069614410400e-01,-3.105980455875396729e-01,-7.058386802673339844e-01,-6.985022872686386108e-02,4.999999694824218750e+02
1.000000000000000000e+00,-3.738574981689453125e-01,-7.276215553283691406e-01,4.881178736686706543e-01,9.818366765975952148e-01,-1.853975504636764526e-01,8.504884839057922363e-01,8.507655262947082520e-01,-1.364863872528076172e+00,-1.669540405273437500e+00,7.542607188224792480e-01,5.993736386299133301e-01,2.243960618972778320e+00,-1.376182734966278076e-01,-1.161914706230163574e+00,1.320976257324218750e+00,-1.472477674484252930e+00,1.400900244712829590e+00,1.226331114768981934e+00,5.641810297966003418e-01,-1.412986636161804199e+00,9.948942065238952637e-01,-5.736824870109558105e-01,-1.683486104011535645e+00,-4.614417254924774170e-01,8.705843091011047363e-01,1.184638142585754395e+00,2.200483083724975586e+00,4.999999694824218750e+02
1.000000000000000000e+00,-1.836560368537902832e-01,-1.410851597785949707e+00,9.404238462448120117e-01,-2.662906050682067871e-02,1.650585055351257324e+00,8.504884839057922363e-01,1.636392116546630859e+00,-3.767946958541870117e-01,-1.431777596473693848e+00,-1.325801372528076172e+00,2.446702241897583008e+00,-1.465357184410095215e+00,3.104451000690460205e-01,8.606486320495605469e-01,-1.676434576511383057e-01,8.613633513450622559e-01,2.975110895931720734e-02,-8.154401183128356934e-01,-2.481840401887893677e-01,-4.880348443984985352e-01,-9.266750216484069824e-01,1.743123292922973633e+00,-3.182207942008972168e-01,-2.257059216499328613e-01,-3.250129222869873047e-01,7.549031376838684082e-01,1.257422447204589844e+00,7.500000000000000000e+02
1.000000000000000000e+00,-1.930038183927536011e-01,-9.008429050445556641e-01,1.080820918083190918e+00,-6.693559288978576660e-01,1.607945203781127930e+00,-1.054220795631408691e+00,-6.929437518119812012e-01,8.800711482763290405e-02,-1.101652979850769043e-01,-1.325801372528076172e+00,-1.025460481643676758e+00,-7.939147949218750000e-02,-1.212873220443725586e+00,8.606486320495605469e-01,-2.010862350463867188e+00,-7.862353920936584473e-01,-8.111016154289245605e-01,1.226331114768981934e+00,-1.322677135467529297e+00,-2.870061807334423065e-02,7.136620879173278809e-01,-5.736824870109558105e-01,-4.750162959098815918e-01,-4.732318520545959473e-01,-3.438315689563751221e-01,-1.116562724113464355e+00,-1.206179499626159668e+00,4.999999694824218750e+02
0.000000000000000000e+00,-6.078541874885559082e-01,-1.447457313537597656e+00,1.467273950576782227e+00,-1.085183262825012207e+00,-3.841437697410583496e-01,-1.054220795631408691e+00,-8.582660555839538574e-01,-1.036478042602539062e+00,-7.265932857990264893e-02,7.542607188224792480e-01,-1.429881811141967773e+00,1.095784679055213928e-01,-8.469266295433044434e-01,8.606486320495605469e-01,-8.542770147323608398e-01,-1.215542197227478027e+00,1.129871845245361328e+00,-8.154401183128356934e-01,-1.514030098915100098e+00,-1.568548846989870071e-03,1.695994973182678223e+00,-5.736824870109558105e-01,-7.212502360343933105e-01,-4.371648132801055908e-01,-3.171271383762359619e-01,-3.388145565986633301e-01,-1.361176133155822754e+00,7.500000000000000000e+02
0.000000000000000000e+00,1.463355720043182373e-01,1.542191505432128906e+00,3.874258995056152344e-01,9.276111125946044922e-01,6.224950551986694336e-01,1.574625492095947266e+00,-4.553140401840209961e-01,1.479063183069229126e-01,-1.011882066726684570e+00,-1.325801372528076172e+00,1.518661379814147949e-01,-4.152161777019500732e-01,-1.441809773445129395e+00,-1.161914706230163574e+00,6.147299408912658691e-01,-2.027487903833389282e-01,-2.353460043668746948e-01,1.226331114768981934e+00,7.324249148368835449e-01,3.530504107475280762e-01,-1.503128170967102051e+00,-5.736824870109558105e-01,-3.071057200431823730e-01,-3.074344396591186523e-01,-2.185863256454467773e-01,-6.148552894592285156e-01,5.001311302185058594e-01,1.250000000000000000e+03
0.000000000000000000e+00,-1.792374968528747559e+00,5.881997346878051758e-01,-1.376926779747009277e+00,-5.195160210132598877e-02,-6.318339109420776367e-01,-5.983562208712100983e-03,-1.392238736152648926e+00,-6.015822887420654297e-01,5.246258378028869629e-01,-1.325801372528076172e+00,-9.559977054595947266e-01,-1.180926561355590820e+00,1.004446864128112793e+00,8.606486320495605469e-01,-8.620564341545104980e-01,-1.236404299736022949e+00,-1.396260142326354980e+00,-8.154401183128356934e-01,-1.160875484347343445e-01,-2.077683620154857635e-02,-3.394201397895812988e-01,-5.736824870109558105e-01,2.212880402803421021e-01,-3.165292441844940186e-01,-3.462878465652465820e-01,-6.006294488906860352e-01,-1.531037211418151855e+00,1.250000000000000000e+03
0.000000000000000000e+00,-6.380931735038757324e-01,-2.158474206924438477e+00,5.773241166025400162e-03,-2.896053194999694824e-01,1.549586772918701172e+00,-5.983562208712100983e-03,-1.426815867424011230e+00,-2.590863108634948730e-01,1.471332788467407227e+00,7.542607188224792480e-01,-1.169541239738464355e+00,2.971157431602478027e-01,-7.396175861358642578e-01,-1.161914706230163574e+00,-8.570282459259033203e-01,1.057410389184951782e-01,2.894084453582763672e-01,-8.154401183128356934e-01,-6.396117806434631348e-01,-1.931208014488220215e+00,6.176370978355407715e-01,-5.736824870109558105e-01,7.877255678176879883e-01,-4.238756299018859863e-01,2.756768763065338135e-01,-1.847719997167587280e-01,-7.838373780250549316e-01,4.999999694824218750e+02
0.000000000000000000e+00,-5.842979550361633301e-01,-7.342246174812316895e-01,-4.486803114414215088e-01,1.436249136924743652e+00,-9.726726412773132324e-01,-1.054220795631408691e+00,1.752059012651443481e-01,-6.797561049461364746e-01,1.125667452812194824e+00,7.542607188224792480e-01,4.319546818733215332e-01,-1.312147498130798340e+00,1.170678496360778809e+00,-1.161914706230163574e+00,9.602181911468505859e-01,1.644342988729476929e-01,-4.853904843330383301e-01,1.226331114768981934e+00,-1.501973271369934082e+00,-3.019898831844329834e-01,-1.642689295113086700e-02,-5.736824870109558105e-01,4.835601449012756348e-01,1.294088512659072876e-01,2.614370584487915039e-01,-4.683300107717514038e-02,6.260939687490463257e-02,1.500000000000000000e+03
0.000000000000000000e+00,1.479710102081298828e+00,1.121050000190734863e+00,1.318738222122192383e+00,6.709238886833190918e-01,1.007026791572570801e+00,-1.054220795631408691e+00,6.914666891098022461e-01,9.873923659324645996e-01,-5.452740788459777832e-01,7.542607188224792480e-01,-5.011025071144104004e-01,1.283691525459289551e+00,-1.717484146356582642e-01,-1.161914706230163574e+00,6.300490349531173706e-03,1.642230629920959473e+00,1.310682415962219238e+00,1.226331114768981934e+00,2.523597776889801025e-01,1.025101065635681152e+00,-1.014986038208007812e+00,-5.736824870109558105e-01,-1.433492079377174377e-02,-3.276776969432830811e-01,-1.619963347911834717e-01,-7.809094786643981934e-01,-1.783344778232276440e-03,4.999999694824218750e+02
0.000000000000000000e+00,-1.279610753059387207e+00,-1.072931647300720215e+00,9.541150331497192383e-01,6.545001864433288574e-01,1.572615861892700195e+00,8.504884839057922363e-01,6.581289768218994141e-01,-4.994753301143646240e-01,1.680169701576232910e+00,7.542607188224792480e-01,1.343127846717834473e+00,-2.213745355606079102e+00,4.523109495639801025e-01,-1.161914706230163574e+00,1.348802447319030762e+00,7.524428367614746094e-01,-4.566382765769958496e-01,1.226331114768981934e+00,1.988007187843322754e+00,1.389216065406799316e+00,-3.516549468040466309e-01,-5.736824870109558105e-01,-9.095517992973327637e-01,-2.159506976604461670e-01,-3.821882605552673340e-01,-7.951455116271972656e-01,1.956015944480895996e+00,4.999999694824218750e+02
0.000000000000000000e+00,1.785517185926437378e-01,-5.247267484664916992e-01,-1.614331364631652832e+00,-2.452173084020614624e-01,-1.191650390625000000e+00,-1.054220795631408691e+00,-1.076842069625854492e+00,-6.486551761627197266e-01,8.069708347320556641e-01,-1.325801372528076172e+00,-8.210981488227844238e-01,-7.244399785995483398e-01,-1.578770428895950317e-01,8.606486320495605469e-01,-1.006945848464965820e+00,-1.483944773674011230e+00,4.231359660625457764e-01,1.226331114768981934e+00,-1.469750761985778809e+00,5.138894915580749512e-01,-6.342440843582153320e-01,-5.736824870109558105e-01,2.812798023223876953e-01,-4.038802087306976318e-01,-3.520920872688293457e-01,-3.663363456726074219e-01,-1.178138136863708496e+00,4.999999694824218750e+02
1.000000000000000000e+00,-7.736728787422180176e-01,1.962490916252136230e+00,-1.223384380340576172e+00,-1.472814440727233887e+00,-1.473777770996093750e+00,-5.983562208712100983e-03,5.452080965042114258e-01,1.642922759056091309e+00,-6.292531490325927734e-01,7.542607188224792480e-01,7.623947262763977051e-01,-1.330294460058212280e-01,1.494116067886352539e+00,-1.161914706230163574e+00,1.526880383491516113e+00,2.654107511043548584e-01,3.855466842651367188e-01,1.226331114768981934e+00,-1.746157854795455933e-01,-5.329332351684570312e-01,1.074741363525390625e+00,-5.736824870109558105e-01,1.496564447879791260e-01,-1.912518292665481567e-01,-3.481177389621734619e-01,-1.229209080338478088e-01,3.867257833480834961e-01,7.500000000000000000e+02
0.000000000000000000e+00,-6.950396895408630371e-01,-6.839822530746459961e-01,-9.053930640220642090e-01,-3.976666629314422607e-01,-1.287074923515319824e+00,-1.054220795631408691e+00,-4.681961238384246826e-01,1.638757824897766113e+00,9.852060675621032715e-01,7.542607188224792480e-01,-1.275625467300415039e+00,2.029920101165771484e+00,5.032842159271240234e-01,-1.161914706230163574e+00,-8.715161681175231934e-01,1.303895235061645508e+00,-7.862145304679870605e-01,1.226331114768981934e+00,-1.312027454376220703e+00,7.032434344291687012e-01,-6.676749587059020996e-01,-5.736824870109558105e-01,-1.647182554006576538e-01,-5.086612105369567871e-01,-4.040594696998596191e-01,5.444996356964111328e-01,3.596767187118530273e-01,4.999999694824218750e+02
0.000000000000000000e+00,7.412500381469726562e-01,1.867509335279464722e-01,-6.972410529851913452e-02,6.056597232818603516e-01,1.858961433172225952e-01,-1.054220795631408691e+00,6.767948269844055176e-01,9.486852288246154785e-01,-1.501338362693786621e+00,7.542607188224792480e-01,5.719732642173767090e-01,6.642907857894897461e-01,7.794414460659027100e-02,-1.161914706230163574e+00,9.716818928718566895e-01,4.495874345302581787e-01,1.500216960906982422e+00,1.226331114768981934e+00,-1.098763585090637207e+00,-1.958501100540161133e+00,1.273744344711303711e+00,-5.736824870109558105e-01,2.426636934280395508e+00,2.572097539901733398e+00,-3.659298121929168701e-01,1.138524413108825684e+00,5.801965594291687012e-01,7.500000000000000000e+02
1.000000000000000000e+00,-4.744255840778350830e-01,-5.176232457160949707e-01,-8.719562888145446777e-01,1.735930085182189941e+00,-9.921345710754394531e-01,-1.054220795631408691e+00,1.380737781524658203e+00,-5.046580433845520020e-01,6.023346781730651855e-01,7.542607188224792480e-01,-2.889699339866638184e-01,-8.008904457092285156e-01,-1.253849506378173828e+00,8.606486320495605469e-01,-2.290305942296981812e-01,-2.454358935356140137e-01,-1.266872525215148926e+00,-8.154401183128356934e-01,4.531482160091400146e-01,2.416342943906784058e-01,9.716144204139709473e-01,-5.736824870109558105e-01,3.967204988002777100e-01,3.169177472591400146e-02,-3.585883677005767822e-01,1.889575362205505371e+00,5.016968846321105957e-01,1.000000000000000000e+03
0.000000000000000000e+00,-1.229275390505790710e-01,-4.811593592166900635e-01,-5.506030321121215820e-01,-1.819527506828308105e+00,1.185051798820495605e+00,-5.983562208712100983e-03,-1.169090509414672852e+00,-1.078853726387023926e+00,-1.553429126739501953e+00,7.542607188224792480e-01,-8.937994837760925293e-01,2.192254781723022461e+00,1.891693621873855591e-01,-1.161914706230163574e+00,-4.438405334949493408e-01,-7.472818493843078613e-01,1.076976418495178223e+00,1.226331114768981934e+00,2.427252680063247681e-01,-1.648516297340393066e+00,1.032545138150453568e-02,-5.736824870109558105e-01,-4.317422956228256226e-02,-2.302888184785842896e-01,-3.062134087085723877e-01,-8.524409532546997070e-01,3.707118034362792969e-01,1.500000000000000000e+03
1.000000000000000000e+00,9.543721675872802734e-01,2.001358032226562500e+00,-1.315270364284515381e-01,-5.404708981513977051e-01,-7.012686133384704590e-01,-1.054220795631408691e+00,-1.159308552742004395e+00,-1.346392869949340820e+00,-1.436882376670837402e+00,7.542607188224792480e-01,-8.627305626869201660e-01,-1.163248777389526367e+00,1.497710943222045898e+00,-1.161914706230163574e+00,-8.659999370574951172e-01,1.395356535911560059e+00,8.823904395103454590e-01,1.226331114768981934e+00,-1.764576584100723267e-01,-1.447795391082763672e+00,6.097686886787414551e-01,-5.736824870109558105e-01,-1.926422715187072754e-01,-7.305665612220764160e-01,-3.497479557991027832e-01,-6.067587137222290039e-01,9.200127124786376953e-01,1.250000000000000000e+03
1.000000000000000000e+00,5.401321649551391602e-01,1.314780116081237793e-01,1.217771649360656738e+00,2.595691680908203125e-01,3.312602043151855469e-01,1.574625492095947266e+00,-1.041988015174865723e+00,-1.380070924758911133e+00,1.514338374137878418e+00,-1.325801372528076172e+00,-6.480478644371032715e-01,-5.882461667060852051e-01,7.411283254623413086e-01,8.606486320495605469e-01,6.045551598072052002e-02,-1.680699586868286133e+00,-1.560030817985534668e+00,-8.154401183128356934e-01,5.653741359710693359e-01,1.054288387298583984e+00,-3.417202085256576538e-02,-5.736824870109558105e-01,3.976572751998901367e-01,-3.066440820693969727e-01,2.297796010971069336e+00,-5.273082852363586426e-01,-7.352346926927566528e-02,4.999999694824218750e+02
0.000000000000000000e+00,-1.565036624670028687e-01,-3.398339748382568359e-01,-1.555028438568115234e+00,-5.481727719306945801e-01,-4.778023362159729004e-01,-5.983562208712100983e-03,8.936017751693725586e-01,3.239918053150177002e-01,6.611014008522033691e-01,-1.325801372528076172e+00,1.121144771575927734e+00,-2.725575864315032959e-01,-9.724631309509277344e-01,8.606486320495605469e-01,7.933850288391113281e-01,-1.216468691825866699e+00,-1.234088659286499023e+00,-8.154401183128356934e-01,-9.668434411287307739e-02,-4.216844737529754639e-01,2.741560339927673340e-01,1.743123292922973633e+00,7.302448153495788574e-01,2.464957386255264282e-01,-3.391077816486358643e-01,-7.779926657676696777e-01,2.320072948932647705e-01,1.000000000000000000e+03
0.000000000000000000e+00,-1.505639553070068359e+00,8.710823059082031250e-01,-3.182591795921325684e-01,7.696739435195922852e-01,-8.413178324699401855e-01,-1.054220795631408691e+00,-7.124747633934020996e-01,7.814018428325653076e-02,-1.380039691925048828e+00,7.542607188224792480e-01,-8.279204964637756348e-01,1.137984871864318848e+00,7.366843819618225098e-01,-1.161914706230163574e+00,-6.350629925727844238e-01,1.623319029808044434e+00,1.390687346458435059e+00,-8.154401183128356934e-01,1.260512415319681168e-02,4.020648896694183350e-01,2.911334037780761719e-01,1.743123292922973633e+00,-3.056708574295043945e-01,-8.209464550018310547e-01,-3.339873552322387695e-01,-6.923807859420776367e-01,-7.131745219230651855e-01,4.999999694824218750e+02
0.000000000000000000e+00,-4.139590561389923096e-01,1.928336024284362793e-01,-1.270369052886962891e+00,-4.327715337276458740e-01,-9.546605944633483887e-01,-1.054220795631408691e+00,-1.080018043518066406e+00,8.116635680198669434e-01,-2.191760204732418060e-02,7.542607188224792480e-01,-1.282187581062316895e+00,2.341560423374176025e-01,9.440796971321105957e-01,8.606486320495605469e-01,-1.355317592620849609e+00,1.328398108482360840e+00,-1.427207708358764648e+00,-8.154401183128356934e-01,-6.810390353202819824e-01,1.434894919395446777e+00,8.430021405220031738e-01,-5.736824870109558105e-01,-7.130023241043090820e-01,-6.941137313842773438e-01,-3.446029424667358398e-01,-6.473760008811950684e-01,-1.536486506462097168e+00,1.250000000000000000e+03
1.000000000000000000e+00,1.303700447082519531e+00,4.902288913726806641e-01,1.314917087554931641e+00,1.485392212867736816e+00,1.542485594749450684e+00,-5.983562208712100983e-03,7.778190970420837402e-01,-9.871332645416259766e-01,-4.646936058998107910e-01,-1.325801372528076172e+00,7.571043968200683594e-01,-1.670177459716796875e+00,-5.756975617259740829e-03,8.606486320495605469e-01,1.369810700416564941e+00,-4.089805185794830322e-01,1.238423865288496017e-03,-8.154401183128356934e-01,1.634392380714416504e+00,8.684008121490478516e-01,-1.716467380523681641e+00,1.743123292922973633e+00,7.354182600975036621e-01,1.371171236038208008e+00,-2.636690437793731689e-01,-4.723126590251922607e-01,1.440220236778259277e+00,1.500000000000000000e+03
0.000000000000000000e+00,-1.489753961563110352e+00,1.963352262973785400e-01,-4.735511541366577148e-01,-8.956902474164962769e-02,9.476208090782165527e-01,-1.054220795631408691e+00,-1.210124135017395020e+00,-1.236863493919372559e+00,-4.234775006771087646e-01,-1.325801372528076172e+00,-8.605802059173583984e-01,-1.569437146186828613e+00,1.681651830673217773e+00,8.606486320495605469e-01,-3.994992077350616455e-01,-6.747507452964782715e-01,7.990988492965698242e-01,1.226331114768981934e+00,-3.247384727001190186e-01,-2.000389099121093750e-01,-8.592066168785095215e-01,-5.736824870109558105e-01,-3.470678329467773438e-01,-3.997903168201446533e-01,-3.337794542312622070e-01,-6.448222994804382324e-01,-1.433525681495666504e+00,4.999999694824218750e+02
1.000000000000000000e+00,-8.477669358253479004e-01,5.641471743583679199e-01,1.347267627716064453e+00,2.409466028213500977e+00,1.721392631530761719e+00,-1.054220795631408691e+00,1.854122281074523926e+00,-6.673421859741210938e-01,1.667373813688755035e-02,7.542607188224792480e-01,-6.550570726394653320e-01,3.618493080139160156e-01,-1.547707200050354004e+00,8.606486320495605469e-01,-5.765720605850219727e-01,-5.255137085914611816e-01,-4.906111061573028564e-01,-8.154401183128356934e-01,-3.295745849609375000e-01,1.320671081542968750e+00,7.090744376182556152e-01,-5.736824870109558105e-01,9.919053316116333008e-01,4.363905191421508789e-01,2.999496459960937500e-01,2.835334777832031250e+00,1.394652366638183594e+00,1.500000000000000000e+03
0.000000000000000000e+00,-1.282999873161315918e+00,-1.232572197914123535e+00,1.705577254295349121e+00,9.938665032386779785e-01,1.008702874183654785e+00,1.574625492095947266e+00,-8.231793642044067383e-01,-1.016738295555114746e+00,-6.979871392250061035e-01,-1.325801372528076172e+00,-6.144133210182189941e-01,-1.620839476585388184e+00,-8.385075330734252930e-01,-1.161914706230163574e+00,1.355913281440734863e-01,-1.756614744663238525e-01,-4.381408691406250000e-01,1.226331114768981934e+00,3.741583824157714844e-01,-1.389983654022216797e+00,1.330962300300598145e+00,-5.736824870109558105e-01,5.325272083282470703e-01,-4.021453857421875000e-01,-3.454180359840393066e-01,-7.558958139270544052e-03,-6.783103346824645996e-01,1.500000000000000000e+03
1.000000000000000000e+00,-5.579442977905273438e-01,1.019643664360046387e+00,-9.099696874618530273e-01,-2.384317815303802490e-01,1.559378385543823242e+00,-5.983562208712100983e-03,4.914734661579132080e-01,1.603654742240905762e+00,-1.034633517265319824e+00,7.542607188224792480e-01,1.294323921203613281e+00,4.862550795078277588e-01,4.767814576625823975e-01,8.606486320495605469e-01,2.925918102264404297e-01,-1.966363906860351562e+00,-1.117737412452697754e+00,-8.154401183128356934e-01,5.124247670173645020e-01,1.135475873947143555e+00,5.473687648773193359e-01,-5.736824870109558105e-01,-1.562552809715270996e+00,-9.812098145484924316e-01,-3.635857105255126953e-01,-5.789437517523765564e-02,1.285083651542663574e+00,1.000000000000000000e+03
1.000000000000000000e+00,1.851228356361389160e+00,-1.420369625091552734e+00,-5.074323415756225586e-01,-1.880942344665527344e+00,1.461467385292053223e+00,-5.983562208712100983e-03,1.817957878112792969e+00,-1.671606659889221191e+00,6.833511590957641602e-01,-1.325801372528076172e+00,2.771795034408569336e+00,4.704613685607910156e-01,-1.608791232109069824e+00,8.606486320495605469e-01,2.664969921112060547e+00,-7.717994451522827148e-01,-6.446453928947448730e-01,1.226331114768981934e+00,3.768309950828552246e-01,-6.106755137443542480e-01,7.725011706352233887e-01,-5.736824870109558105e-01,2.984277009963989258e-01,1.232766747474670410e+00,1.488987684249877930e+00,2.414850950241088867e+00,2.251526594161987305e+00,1.500000000000000000e+03
0.000000000000000000e+00,1.059671759605407715e+00,1.730566024780273438e+00,-1.349367976188659668e+00,5.141463875770568848e-01,-1.462508559226989746e+00,-5.983562208712100983e-03,1.107015967369079590e+00,1.156968355178833008e+00,4.855122864246368408e-01,7.542607188224792480e-01,9.734562039375305176e-01,9.841332435607910156e-01,-1.247806668281555176e+00,8.606486320495605469e-01,-9.919575601816177368e-02,9.152860641479492188e-01,4.571199417114257812e-02,-8.154401183128356934e-01,-6.449504494667053223e-01,-6.661337018013000488e-01,-8.805730938911437988e-01,-5.736824870109558105e-01,-9.223800301551818848e-01,2.121916711330413818e-01,-3.606507480144500732e-01,1.408736944198608398e+00,4.391624331474304199e-01,1.000000000000000000e+03
0.000000000000000000e+00,5.939496159553527832e-01,-4.005481004714965820e-01,-1.421011090278625488e+00,-1.289016008377075195e-02,-1.657751679420471191e+00,-1.054220795631408691e+00,-7.573083639144897461e-01,1.572337448596954346e-01,-6.086434586904942989e-04,-1.325801372528076172e+00,-7.303615808486938477e-01,8.094952106475830078e-01,2.560341358184814453e-01,-1.161914706230163574e+00,-2.309961766004562378e-01,-1.005557328462600708e-01,9.476494193077087402e-01,1.226331114768981934e+00,-6.404606103897094727e-01,4.331394433975219727e-01,-1.294525384902954102e+00,1.743123292922973633e+00,-2.961283028125762939e-01,-3.018548786640167236e-01,-3.538645505905151367e-01,-8.998509049415588379e-01,-7.416998744010925293e-01,7.500000000000000000e+02
0.000000000000000000e+00,3.155611157417297363e-01,-3.795752525329589844e-01,6.797998547554016113e-01,-2.963326454162597656e+00,1.563238203525543213e-01,-1.054220795631408691e+00,-7.892047762870788574e-01,6.167724728584289551e-01,-4.689958095550537109e-01,-1.325801372528076172e+00,-9.383434653282165527e-01,-4.913570284843444824e-01,-1.684579610824584961e+00,8.606486320495605469e-01,-1.135120272636413574e+00,1.284918665885925293e+00,1.178460478782653809e+00,1.226331114768981934e+00,-1.195390105247497559e+00,8.306330442428588867e-01,-1.240279555320739746e+00,-5.736824870109558105e-01,-4.883026182651519775e-01,-5.649299621582031250e-01,-4.099785983562469482e-01,-7.022513747215270996e-01,-1.209168314933776855e+00,1.500000000000000000e+03
0.000000000000000000e+00,5.689408183097839355e-01,-6.504598855972290039e-01,1.405951976776123047e-01,7.206793874502182007e-02,-4.430783390998840332e-01,-5.983562208712100983e-03,-3.431932032108306885e-01,7.154086232185363770e-01,-1.312794327735900879e+00,-1.325801372528076172e+00,-9.928407073020935059e-01,-5.588220357894897461e-01,7.310275435447692871e-01,8.606486320495605469e-01,-7.664335966110229492e-01,-1.237086892127990723e+00,1.342694282531738281e+00,1.226331114768981934e+00,-5.745950341224670410e-01,-1.731628179550170898e+00,8.634753227233886719e-01,-5.736824870109558105e-01,-6.222064495086669922e-01,-1.290988683700561523e+00,-1.422668397426605225e-01,-3.825082778930664062e-01,-3.465495109558105469e-01,1.250000000000000000e+03
1.000000000000000000e+00,6.623688936233520508e-01,-7.681641578674316406e-01,-1.483032345771789551e+00,-2.493230819702148438e+00,8.672972917556762695e-01,-1.054220795631408691e+00,-1.464798092842102051e+00,-3.529534935951232910e-01,5.399730205535888672e-01,7.542607188224792480e-01,-1.268910408020019531e+00,3.013269901275634766e-01,-8.891378641128540039e-01,8.606486320495605469e-01,-6.127596497535705566e-01,1.019685626029968262e+00,7.697449922561645508e-01,-8.154401183128356934e-01,-5.785858631134033203e-01,5.903690457344055176e-01,-1.214150339365005493e-01,-5.736824870109558105e-01,-6.165667772293090820e-01,-8.594221472740173340e-01,-3.480603098869323730e-01,-8.926440477371215820e-01,-1.250611424446105957e+00,4.999999694824218750e+02
1.000000000000000000e+00,-1.021412849426269531e+00,4.136481285095214844e-01,-1.089240312576293945e+00,1.323066115379333496e+00,-1.604878902435302734e+00,-5.983562208712100983e-03,2.155963420867919922e+00,4.748344887048006058e-03,9.608834981918334961e-02,7.542607188224792480e-01,2.534201860427856445e+00,5.027617812156677246e-01,-1.681745529174804688e+00,8.606486320495605469e-01,7.127695083618164062e-01,2.143374443054199219e+00,-5.156294703483581543e-01,-8.154401183128356934e-01,-8.864645659923553467e-02,-8.625885844230651855e-01,1.271119594573974609e+00,-5.736824870109558105e-01,1.390996575355529785e-02,1.499095797538757324e+00,-3.376006484031677246e-01,2.081668853759765625e+00,1.793528437614440918e+00,1.500000000000000000e+03
1.000000000000000000e+00,9.382729530334472656e-01,6.580108404159545898e-01,4.382918477058410645e-01,-5.526056289672851562e-01,-2.280259877443313599e-02,8.504884839057922363e-01,1.233417987823486328e+00,-3.097117841243743896e-01,-1.573010802268981934e+00,7.542607188224792480e-01,1.658191323280334473e+00,3.960328176617622375e-02,4.318046271800994873e-01,8.606486320495605469e-01,3.312012553215026855e-01,-1.756695955991744995e-01,-3.615362346172332764e-01,-8.154401183128356934e-01,5.685884952545166016e-01,1.115660071372985840e+00,-5.651159882545471191e-01,-5.736824870109558105e-01,-2.502558946609497070e+00,-5.155696868896484375e-01,-3.532080948352813721e-01,-6.345484852790832520e-01,5.953608751296997070e-01,1.000000000000000000e+03
0.000000000000000000e+00,-5.887455344200134277e-01,-1.869497656822204590e+00,-9.253041148185729980e-01,2.533916234970092773e-01,-8.389360904693603516e-01,1.574625492095947266e+00,-1.695128679275512695e+00,-1.852151393890380859e+00,4.594967365264892578e-01,-1.325801372528076172e+00,-1.280865550041198730e+00,-1.091817975044250488e+00,-1.416828155517578125e+00,8.606486320495605469e-01,-7.626782059669494629e-01,6.582784056663513184e-01,-6.827397942543029785e-01,1.226331114768981934e+00,-7.894209027290344238e-02,-2.035345077514648438e+00,1.171565890312194824e+00,-5.736824870109558105e-01,4.592078030109405518e-01,-4.083197712898254395e-01,-3.496248722076416016e-01,-1.207378745079040527e+00,-7.537291049957275391e-01,4.999999694824218750e+02
1.000000000000000000e+00,2.213436126708984375e+00,4.720262289047241211e-01,-1.063914537429809570e+00,9.390914440155029297e-01,-8.854354023933410645e-01,-1.054220795631408691e+00,1.496366739273071289e+00,-2.200442314147949219e+00,7.801453769207000732e-02,-1.325801372528076172e+00,2.352683782577514648e+00,-1.014835834503173828e+00,1.352083206176757812e+00,8.606486320495605469e-01,6.712903380393981934e-01,6.624996066093444824e-01,8.447537422180175781e-01,1.226331114768981934e+00,-3.464353680610656738e-01,-2.458273023366928101e-01,-4.743866324424743652e-01,-5.736824870109558105e-01,2.450759649276733398e+00,4.762779235839843750e+00,-1.771989613771438599e-01,9.056208729743957520e-01,2.355078935623168945e+00,1.250000000000000000e+03
0.000000000000000000e+00,-7.334601283073425293e-01,-1.577834010124206543e+00,-1.654022037982940674e-01,-3.122612535953521729e-01,1.683632016181945801e+00,8.504884839057922363e-01,-4.915758073329925537e-01,-1.007093667984008789e+00,6.891451478004455566e-01,7.542607188224792480e-01,-1.087388634681701660e+00,2.500546872615814209e-01,-1.060739636421203613e+00,-1.161914706230163574e+00,-1.082250356674194336e+00,-8.743703961372375488e-01,-1.132737040519714355e+00,1.226331114768981934e+00,-2.854224741458892822e-01,-1.937678605318069458e-01,-1.390318870544433594e+00,-5.736824870109558105e-01,-4.053512215614318848e-01,-4.448128044605255127e-01,7.155465334653854370e-02,-1.208195328712463379e+00,-1.194589972496032715e+00,1.250000000000000000e+03
1.000000000000000000e+00,-2.281296104192733765e-01,-1.047518610954284668e+00,-3.393457531929016113e-01,2.659079432487487793e-01,-2.715469598770141602e-01,-5.983562208712100983e-03,2.594073057174682617e+00,-1.725311577320098877e-01,-1.507391571998596191e+00,-1.325801372528076172e+00,3.443747520446777344e+00,1.118685126304626465e+00,4.826786816120147705e-01,8.606486320495605469e-01,2.700487852096557617e+00,-2.364579401910305023e-02,-2.540380656719207764e-01,1.226331114768981934e+00,1.330200910568237305e+00,1.968999028205871582e+00,-6.313878893852233887e-01,-5.736824870109558105e-01,-1.354367882013320923e-01,2.937021017074584961e+00,-2.792436778545379639e-01,3.114642143249511719e+00,2.876556873321533203e+00,1.250000000000000000e+03
1.000000000000000000e+00,-9.084709286689758301e-01,1.152575016021728516e+00,1.184891819953918457e+00,-2.365123182535171509e-01,4.203962087631225586e-01,-1.054220795631408691e+00,1.008177995681762695e+00,-4.301903843879699707e-01,-9.936510920524597168e-01,7.542607188224792480e-01,1.830870389938354492e+00,4.213888347148895264e-01,5.868609547615051270e-01,8.606486320495605469e-01,-2.226722836494445801e-01,-8.199682235717773438e-01,-1.396276712417602539e+00,-8.154401183128356934e-01,-1.399665236473083496e+00,6.684004664421081543e-01,1.502555489540100098e+00,-5.736824870109558105e-01,2.140173502266407013e-02,5.671095252037048340e-01,-3.473819494247436523e-01,-6.072404980659484863e-01,3.412021696567535400e-01,1.000000000000000000e+03
0.000000000000000000e+00,-9.239729046821594238e-01,1.171384453773498535e-01,-1.703509092330932617e+00,-3.867299258708953857e-01,-6.974920034408569336e-01,-5.983562208712100983e-03,-4.550464153289794922e-01,-1.443225145339965820e+00,2.310688346624374390e-01,7.542607188224792480e-01,-5.956879854202270508e-01,-6.534732580184936523e-01,1.321422696113586426e+00,8.606486320495605469e-01,-1.004261493682861328e+00,-2.272646665573120117e+00,-8.252739906311035156e-01,-8.154401183128356934e-01,-7.369826436042785645e-01,-1.486316204071044922e+00,1.444124579429626465e+00,-5.736824870109558105e-01,-1.626872062683105469e+00,-4.013590216636657715e-01,-3.413479626178741455e-01,-8.048965930938720703e-01,-1.007524847984313965e+00,1.500000000000000000e+03
0.000000000000000000e+00,5.155891776084899902e-01,-1.352654695510864258e-01,-6.472559571266174316e-01,-6.776124835014343262e-01,-1.499613165855407715e+00,-5.983562208712100983e-03,-1.248055458068847656e+00,-1.018770098686218262e+00,1.322718024253845215e+00,7.542607188224792480e-01,-1.999387741088867188e+00,3.499693274497985840e-01,8.495289683341979980e-01,8.606486320495605469e-01,-1.598628044128417969e+00,-8.679500818252563477e-01,7.327259182929992676e-01,-8.154401183128356934e-01,-8.229298591613769531e-01,-1.351934432983398438e+00,-5.177056789398193359e-01,-5.736824870109558105e-01,8.517931699752807617e-01,-1.968287229537963867e-01,-2.502361238002777100e-01,-2.912411689758300781e-01,-1.488417506217956543e+00,1.250000000000000000e+03
0.000000000000000000e+00,2.285613566637039185e-01,9.329667687416076660e-01,-1.513215899467468262e+00,-9.700145125389099121e-01,1.606241583824157715e+00,-1.054220795631408691e+00,-1.143412232398986816e+00,6.888670921325683594e-01,2.898499071598052979e-01,-1.325801372528076172e+00,-1.423026800155639648e+00,4.895494878292083740e-01,1.149142742156982422e+00,-1.161914706230163574e+00,-1.078782200813293457e+00,-2.397770062088966370e-02,-7.391259074211120605e-01,1.226331114768981934e+00,-8.791302442550659180e-01,-6.529594659805297852e-01,2.093321532011032104e-01,1.743123292922973633e+00,-8.798376470804214478e-02,-6.146076917648315430e-01,-3.158470392227172852e-01,-6.586566567420959473e-01,-1.520663142204284668e+00,4.999999694824218750e+02
0.000000000000000000e+00,6.960542798042297363e-01,-5.067663192749023438e-01,-7.425265312194824219e-01,-4.611392021179199219e-01,4.077122509479522705e-01,-1.054220795631408691e+00,-5.892645120620727539e-01,-1.501212477684020996e+00,-8.146716952323913574e-01,7.542607188224792480e-01,-3.788776993751525879e-01,-2.257098436355590820e+00,9.075639247894287109e-01,-1.161914706230163574e+00,-4.411195963621139526e-02,-1.673369705677032471e-01,9.787679910659790039e-01,1.226331114768981934e+00,7.681175321340560913e-02,-1.033875793218612671e-01,-1.661140680313110352e+00,-5.736824870109558105e-01,1.617705821990966797e+00,1.405085444450378418e+00,1.885629177093505859e+00,-1.533052921295166016e-01,-3.335514068603515625e-01,7.500000000000000000e+02
0.000000000000000000e+00,-9.909534454345703125e-01,4.431749582290649414e-01,8.853170871734619141e-01,-7.515358328819274902e-01,-1.162683486938476562e+00,-5.983562208712100983e-03,-3.211746513843536377e-01,2.050368547439575195e+00,-1.674408197402954102e+00,-1.325801372528076172e+00,-2.962548434734344482e-01,6.855213642120361328e-01,-2.142408490180969238e-01,-1.161914706230163574e+00,5.237272977828979492e-01,-1.047044992446899414e+00,5.872138142585754395e-01,1.226331114768981934e+00,-6.670433096587657928e-03,1.387542605400085449e+00,-6.770762205123901367e-01,1.743123292922973633e+00,4.227046966552734375e-01,-5.110578238964080811e-02,-3.339736759662628174e-01,-5.903831720352172852e-01,3.327405452728271484e-01,1.500000000000000000e+03
1.000000000000000000e+00,-5.720778107643127441e-01,-1.036732673645019531e+00,1.571553349494934082e-01,2.086137771606445312e+00,-2.491359040141105652e-02,8.504884839057922363e-01,1.384171485900878906e+00,-2.542814612388610840e-01,1.544664382934570312e+00,7.542607188224792480e-01,1.218606591224670410e+00,-5.685092210769653320e-01,-2.946263551712036133e-01,8.606486320495605469e-01,2.019644498825073242e+00,-2.323619723320007324e-01,-1.462980508804321289e+00,-8.154401183128356934e-01,-2.819493114948272705e-01,5.969063639640808105e-01,1.238609552383422852e+00,-5.736824870109558105e-01,-1.669591665267944336e+00,-4.429775103926658630e-02,-4.655373990535736084e-01,5.236141085624694824e-01,1.318445324897766113e+00,1.500000000000000000e+03
1.000000000000000000e+00,1.104516237974166870e-01,2.436190396547317505e-01,-1.548091888427734375e+00,1.525261640548706055e+00,1.660382270812988281e+00,1.574625492095947266e+00,9.556592106819152832e-01,1.680296778678894043e+00,-4.003192186355590820e-01,7.542607188224792480e-01,1.084355592727661133e+00,6.633782982826232910e-01,1.420081019401550293e+00,8.606486320495605469e-01,3.441074192523956299e-01,1.367610931396484375e+00,8.844220638275146484e-02,-8.154401183128356934e-01,6.740881800651550293e-01,4.285494983196258545e-01,3.650674223899841309e-01,-5.736824870109558105e-01,-3.956202566623687744e-01,-2.705636322498321533e-01,-3.353905379772186279e-01,1.401201486587524414e-01,9.508126378059387207e-01,1.250000000000000000e+03
0.000000000000000000e+00,1.408649384975433350e-01,-1.077368557453155518e-01,-1.224217057228088379e+00,-9.548641443252563477e-01,1.433669209480285645e+00,-5.983562208712100983e-03,-1.234886407852172852e+00,7.817358374595642090e-01,8.618841171264648438e-01,7.542607188224792480e-01,-9.595847129821777344e-01,-1.983008347451686859e-02,-1.734228432178497314e-01,8.606486320495605469e-01,-1.365155458450317383e+00,1.439859986305236816e+00,-7.611399292945861816e-01,-8.154401183128356934e-01,-7.461688518524169922e-01,1.375128269195556641e+00,1.415159821510314941e+00,-5.736824870109558105e-01,-6.899816393852233887e-01,-3.315840661525726318e-01,-3.379507660865783691e-01,-5.637173652648925781e-01,-1.379060149192810059e+00,1.500000000000000000e+03
0.000000000000000000e+00,-4.338180124759674072e-01,-5.594128370285034180e-01,4.474825561046600342e-01,-3.569960892200469971e-01,1.541090726852416992e+00,-1.054220795631408691e+00,-1.359960198402404785e+00,-1.322506546974182129e+00,-1.648475885391235352e+00,7.542607188224792480e-01,-1.117783784866333008e+00,-1.786201596260070801e+00,4.442254304885864258e-01,-1.161914706230163574e+00,-1.342198252677917480e+00,-3.701285421848297119e-01,-1.692840605974197388e-01,-8.154401183128356934e-01,-7.116502523422241211e-01,2.604459226131439209e-01,-8.406246900558471680e-01,1.743123292922973633e+00,3.657968342304229736e-02,-2.356044948101043701e-01,-3.411701619625091553e-01,-7.685449123382568359e-01,-1.418831825256347656e+00,1.000000000000000000e+03
1.000000000000000000e+00,-1.032773494720458984e+00,-1.396139264106750488e+00,-8.320350646972656250e-01,4.166161715984344482e-01,-6.725497245788574219e-01,-1.054220795631408691e+00,5.712850093841552734e-01,-3.720652759075164795e-01,-1.541984677314758301e+00,7.542607188224792480e-01,1.275087833404541016e+00,1.012757778167724609e+00,5.223272442817687988e-01,8.606486320495605469e-01,6.381189227104187012e-01,1.556457430124282837e-01,6.090293526649475098e-01,-8.154401183128356934e-01,4.831980764865875244e-01,2.625408470630645752e-01,-1.160702586174011230e+00,-5.736824870109558105e-01,8.993864059448242188e-01,1.382637143135070801e+00,-3.179012238979339600e-01,1.279195547103881836e+00,1.321882963180541992e+00,1.000000000000000000e+03
0.000000000000000000e+00,-9.769245982170104980e-02,-2.037170886993408203e+00,-1.506792187690734863e+00,-1.594606041908264160e+00,7.201027870178222656e-01,8.504884839057922363e-01,-9.108098745346069336e-01,3.364957571029663086e-01,-1.763109564781188965e-01,7.542607188224792480e-01,-1.213076472282409668e+00,-5.453165620565414429e-02,1.674947381019592285e+00,8.606486320495605469e-01,-9.638347029685974121e-01,-9.961698651313781738e-01,1.319638013839721680e+00,-8.154401183128356934e-01,-2.743370831012725830e-01,7.928577065467834473e-01,5.619630217552185059e-01,-5.736824870109558105e-01,6.121761202812194824e-01,-4.257404208183288574e-01,-3.873715996742248535e-01,2.420902401208877563e-01,-8.505895733833312988e-01,1.000000000000000000e+03
0.000000000000000000e+00,7.972366213798522949e-01,-1.218124747276306152e+00,1.601969599723815918e+00,-3.180406689643859863e-01,-2.975665032863616943e-01,8.504884839057922363e-01,-9.780749678611755371e-02,1.113967657089233398e+00,-4.125191271305084229e-01,7.542607188224792480e-01,6.372910141944885254e-01,-5.625752806663513184e-01,1.104218840599060059e+00,-1.161914706230163574e+00,2.034040391445159912e-01,1.328942656517028809e+00,5.110216736793518066e-01,-8.154401183128356934e-01,6.571651101112365723e-01,-3.209285438060760498e-01,-9.929854273796081543e-01,1.743123292922973633e+00,-3.783639669418334961e-01,-1.994316466152667999e-02,3.223695755004882812e+00,-2.160013467073440552e-01,5.444339513778686523e-01,1.250000000000000000e+03
0.000000000000000000e+00,-9.525006413459777832e-01,-1.281591176986694336e+00,-2.104950100183486938e-01,3.468685969710350037e-02,1.102930903434753418e+00,-5.983562208712100983e-03,-1.026644825935363770e+00,-1.477482438087463379e+00,-1.036673188209533691e+00,7.542607188224792480e-01,-8.536052703857421875e-01,-2.000624984502792358e-01,6.232720613479614258e-01,-1.161914706230163574e+00,-5.324596762657165527e-01,-6.419022083282470703e-01,-9.675379991531372070e-01,1.226331114768981934e+00,-4.982099533081054688e-01,7.107939720153808594e-01,3.826303780078887939e-01,-5.736824870109558105e-01,-6.356708407402038574e-01,-2.699232995510101318e-01,8.167788386344909668e-02,-5.336670279502868652e-01,-1.034345388412475586e+00,1.500000000000000000e+03
0.000000000000000000e+00,1.111125111579895020e+00,5.027896761894226074e-01,-1.179476618766784668e+00,8.243848681449890137e-01,-7.726770639419555664e-01,-1.054220795631408691e+00,1.325514018535614014e-01,2.676990628242492676e-01,1.023597359657287598e+00,7.542607188224792480e-01,6.046354174613952637e-01,-4.773666560649871826e-01,6.779933571815490723e-01,-1.161914706230163574e+00,-2.089351654052734375e+00,1.740014910697937012e+00,-8.802925348281860352e-01,-8.154401183128356934e-01,-1.669818520545959473e+00,-3.617245852947235107e-01,-3.154946267604827881e-01,1.743123292922973633e+00,1.832801103591918945e+00,9.164826273918151855e-01,9.270703792572021484e-01,9.367237091064453125e-01,-3.796131536364555359e-02,4.999999694824218750e+02
0.000000000000000000e+00,5.714167952537536621e-01,-1.234946966171264648e+00,7.467026356607675552e-03,-1.483430504798889160e+00,9.872063994407653809e-01,-5.983562208712100983e-03,-8.020718097686767578e-01,-2.573366463184356689e-01,1.526631951332092285e+00,7.542607188224792480e-01,-1.638453125953674316e+00,-4.312926828861236572e-01,2.577091455459594727e-01,-1.161914706230163574e+00,-1.198619961738586426e+00,-4.292184412479400635e-01,-1.055412173271179199e+00,1.226331114768981934e+00,-3.997344970703125000e-01,-1.290501832962036133e+00,-1.484794497489929199e+00,-5.736824870109558105e-01,6.777860969305038452e-02,-2.309358716011047363e-01,-3.463316261768341064e-01,-9.113461375236511230e-01,-1.429035305976867676e+00,1.250000000000000000e+03
1.000000000000000000e+00,2.801108658313751221e-01,9.685904979705810547e-01,-1.013042569160461426e+00,-3.868759842589497566e-03,1.687866210937500000e+00,-1.054220795631408691e+00,2.398868054151535034e-01,1.452770352363586426e+00,-1.163043856620788574e+00,7.542607188224792480e-01,8.012584447860717773e-01,9.127371907234191895e-01,4.781818687915802002e-01,-1.161914706230163574e+00,9.961427450180053711e-01,1.549110710620880127e-01,4.502062797546386719e-01,1.226331114768981934e+00,-1.467095255851745605e+00,1.011173009872436523e+00,-4.334277659654617310e-02,-5.736824870109558105e-01,-7.458288073539733887e-01,-6.578940153121948242e-01,4.110043346881866455e-01,-5.282719135284423828e-01,-1.950509697198867798e-01,7.500000000000000000e+02
0.000000000000000000e+00,5.816692709922790527e-01,-7.441021800041198730e-01,-5.452991127967834473e-01,-7.736401557922363281e-01,-1.068256974220275879e+00,-1.054220795631408691e+00,-7.869455218315124512e-01,7.597049474716186523e-01,9.899857044219970703e-01,-1.325801372528076172e+00,-1.109358310699462891e+00,4.867885410785675049e-01,3.882304430007934570e-01,8.606486320495605469e-01,-5.723655819892883301e-01,1.145214661955833435e-01,9.914514422416687012e-01,1.226331114768981934e+00,-8.302134275436401367e-01,1.200509220361709595e-01,-1.681613802909851074e+00,-5.736824870109558105e-01,-1.721394807100296021e-01,-9.813907146453857422e-01,-3.467446565628051758e-01,-2.703807353973388672e-01,-8.496496081352233887e-01,7.500000000000000000e+02
0.000000000000000000e+00,-1.353494882583618164e+00,-1.508974283933639526e-01,-1.028046131134033203e+00,-3.449416756629943848e-01,8.714102506637573242e-01,-1.054220795631408691e+00,3.307140469551086426e-01,1.937501668930053711e+00,-3.819113373756408691e-01,7.542607188224792480e-01,-7.825697660446166992e-01,5.600287318229675293e-01,1.693301796913146973e+00,8.606486320495605469e-01,-2.860837578773498535e-01,2.134816884994506836e+00,3.218747377395629883e-01,-8.154401183128356934e-01,-5.909919738769531250e-01,1.859806180000305176e-01,1.150078058242797852e+00,-5.736824870109558105e-01,9.105083346366882324e-01,6.147242188453674316e-01,-3.297832310199737549e-01,3.491685390472412109e-01,-4.951016604900360107e-01,1.250000000000000000e+03
0.000000000000000000e+00,-1.259603619575500488e+00,1.062465548515319824e+00,-1.498499035835266113e+00,-6.286875605583190918e-01,-2.349997460842132568e-01,-1.054220795631408691e+00,-4.852811098098754883e-01,-2.701982557773590088e-01,9.507343173027038574e-02,7.542607188224792480e-01,-2.528684735298156738e-01,-8.119620084762573242e-01,1.558971285820007324e+00,8.606486320495605469e-01,-8.312557339668273926e-01,-7.177361100912094116e-02,-1.556275367736816406e+00,-8.154401183128356934e-01,-1.704754829406738281e+00,3.528077602386474609e-01,3.630548417568206787e-01,-5.736824870109558105e-01,-6.641952991485595703e-01,-4.781362712383270264e-01,-3.413397669792175293e-01,8.240600824356079102e-01,-4.005943238735198975e-01,1.250000000000000000e+03
0.000000000000000000e+00,-1.759353876113891602e+00,-1.786777496337890625e+00,9.577046632766723633e-01,2.616691887378692627e-01,-1.005190134048461914e+00,-5.983562208712100983e-03,-1.058015227317810059e+00,1.222081065177917480e+00,1.011888146400451660e+00,7.542607188224792480e-01,-7.477735280990600586e-01,2.375788927078247070e+00,-3.828620016574859619e-01,-1.161914706230163574e+00,-4.394591748714447021e-01,-7.952961921691894531e-01,2.229456156492233276e-01,1.226331114768981934e+00,2.074799835681915283e-01,1.160190343856811523e+00,1.552969455718994141e+00,-5.736824870109558105e-01,-4.981918334960937500e-01,-1.012266635894775391e+00,-3.474175333976745605e-01,-8.060897588729858398e-01,3.672670125961303711e-01,7.500000000000000000e+02
1.000000000000000000e+00,6.948297470808029175e-02,-1.848918944597244263e-01,-1.333090662956237793e+00,2.094826221466064453e+00,-1.638118743896484375e+00,-5.983562208712100983e-03,1.689948558807373047e+00,-6.214225292205810547e-02,-1.404246431775391102e-03,7.542607188224792480e-01,-2.207072377204895020e-01,-2.816679477691650391e-01,3.507889211177825928e-01,-1.161914706230163574e+00,5.414696931838989258e-01,-6.533149480819702148e-01,-1.667398810386657715e+00,1.226331114768981934e+00,-9.913189411163330078e-01,1.229435086250305176e+00,1.204836845397949219e+00,-5.736824870109558105e-01,-2.518731355667114258e+00,-6.047921627759933472e-02,2.989075183868408203e-01,2.247026681900024414e+00,9.001809954643249512e-01,1.250000000000000000e+03
0.000000000000000000e+00,4.045246243476867676e-01,-2.524957358837127686e-01,3.156473115086555481e-02,-1.990523338317871094e+00,-1.071741342544555664e+00,-5.983562208712100983e-03,2.312777638435363770e-01,4.078319072723388672e-01,-1.293510437011718750e+00,7.542607188224792480e-01,9.608777165412902832e-01,-4.242650046944618225e-02,5.099720954895019531e-01,8.606486320495605469e-01,5.059157311916351318e-02,8.300736546516418457e-02,-1.575289607048034668e+00,-8.154401183128356934e-01,-5.351704955101013184e-01,-2.330783009529113770e-01,8.967794179916381836e-01,-5.736824870109558105e-01,-1.869544237852096558e-01,-4.101416766643524170e-01,-3.245588839054107666e-01,-4.181061983108520508e-01,-4.186544120311737061e-01,1.500000000000000000e+03
0.000000000000000000e+00,-2.885748744010925293e-01,1.630616784095764160e+00,8.922591805458068848e-01,-5.883494019508361816e-01,1.683560371398925781e+00,-5.983562208712100983e-03,-1.038990139961242676e+00,1.392603993415832520e+00,-1.153015851974487305e+00,7.542607188224792480e-01,-1.302834153175354004e+00,-3.969651162624359131e-01,-3.444506525993347168e-01,8.606486320495605469e-01,-7.852696776390075684e-01,5.293930172920227051e-01,1.104146480560302734e+00,-8.154401183128356934e-01,-6.101272702217102051e-01,2.475607544183731079e-01,-7.544545829296112061e-02,-5.736824870109558105e-01,-4.245326817035675049e-01,-2.574633359909057617e-01,-3.443594872951507568e-01,2.977020740509033203e-01,-9.230954051017761230e-01,1.500000000000000000e+03
0.000000000000000000e+00,-1.657755851745605469e+00,-1.193695783615112305e+00,1.377109289169311523e+00,-1.310587406158447266e+00,-2.407214641571044922e-01,-1.054220795631408691e+00,-4.344190359115600586e-01,5.380718708038330078e-01,8.179138302803039551e-01,7.542607188224792480e-01,-1.009460613131523132e-01,-1.055309846997261047e-01,-7.964451313018798828e-01,-1.161914706230163574e+00,-6.963510513305664062e-01,6.075642704963684082e-01,-8.333527445793151855e-01,-8.154401183128356934e-01,-4.643039703369140625e-01,6.487436890602111816e-01,1.329694032669067383e+00,1.743123292922973633e+00,-6.393027305603027344e-01,-5.407254099845886230e-01,-3.882660269737243652e-01,-6.748411655426025391e-01,-1.231661915779113770e+00,1.500000000000000000e+03
1.000000000000000000e+00,2.741273641586303711e-01,-4.501272141933441162e-01,2.199601680040359497e-01,1.671224117279052734e+00,1.793479770421981812e-01,8.504884839057922363e-01,6.643113493919372559e-01,3.445476666092872620e-02,-1.620272278785705566e+00,-1.325801372528076172e+00,1.273607969284057617e+00,-9.593305587768554688e-01,-5.643275007605552673e-02,8.606486320495605469e-01,2.090406417846679688e+00,-1.527741193771362305e+00,1.645949721336364746e+00,-8.154401183128356934e-01,2.517712831497192383e+00,-8.697209507226943970e-02,-1.297453403472900391e+00,1.743123292922973633e+00,5.168554782867431641e-01,-2.245538383722305298e-01,-4.217867553234100342e-01,5.572634935379028320e-01,1.248487710952758789e+00,1.250000000000000000e+03
0.000000000000000000e+00,3.329607844352722168e-01,3.417677581310272217e-01,-1.223241090774536133e+00,-1.553141921758651733e-01,-3.993506133556365967e-01,8.504884839057922363e-01,-8.083314299583435059e-01,3.404170572757720947e-01,6.834449172019958496e-01,7.542607188224792480e-01,-8.914721012115478516e-01,8.549836874008178711e-01,-1.045941486954689026e-01,8.606486320495605469e-01,-7.107906341552734375e-01,1.101467609405517578e+00,1.638444304466247559e+00,-8.154401183128356934e-01,-1.275544881820678711e+00,5.850580334663391113e-01,3.925212621688842773e-01,-5.736824870109558105e-01,-5.559934973716735840e-01,-4.095174074172973633e-01,5.065664649009704590e-01,-6.766144037246704102e-01,-1.337114930152893066e+00,1.250000000000000000e+03
1.000000000000000000e+00,2.417105913162231445e+00,-2.330574989318847656e-01,1.637209534645080566e+00,1.408295392990112305e+00,-1.690600037574768066e+00,-1.054220795631408691e+00,1.452532887458801270e+00,-2.408350557088851929e-01,3.079187124967575073e-02,-1.325801372528076172e+00,8.125969022512435913e-02,-2.534027397632598877e-02,-4.404723942279815674e-01,8.606486320495605469e-01,6.547742486000061035e-01,5.321456789970397949e-01,-7.432098686695098877e-02,1.226331114768981934e+00,-1.359115958213806152e+00,-8.482801914215087891e-01,1.038073778152465820e+00,-5.736824870109558105e-01,1.308907151222229004e+00,1.078479528427124023e+00,-1.767011433839797974e-01,1.209677815437316895e+00,9.428422451019287109e-01,1.000000000000000000e+03
0.000000000000000000e+00,-1.448324799537658691e+00,-1.359240055084228516e+00,-3.853643536567687988e-01,-4.729763269424438477e-01,-1.426164865493774414e+00,-5.983562208712100983e-03,-8.142353892326354980e-01,3.647409677505493164e-01,-1.488510131835937500e+00,-1.325801372528076172e+00,-7.072374820709228516e-01,-5.898777246475219727e-01,6.819465160369873047e-01,8.606486320495605469e-01,-7.944000959396362305e-01,8.279776573181152344e-01,1.468221783638000488e+00,-8.154401183128356934e-01,-7.475453615188598633e-01,1.188890814781188965e+00,-4.973278641700744629e-01,-5.736824870109558105e-01,3.813661932945251465e-01,-3.945469856262207031e-01,-2.840194404125213623e-01,-7.172348499298095703e-01,-1.228269457817077637e+00,1.500000000000000000e+03
0.000000000000000000e+00,7.660494446754455566e-01,1.223922729492187500e+00,-1.541497111320495605e+00,-2.636601626873016357e-01,-1.624881267547607422e+00,-1.054220795631408691e+00,2.872973978519439697e-01,-4.216435551643371582e-01,3.088487982749938965e-01,7.542607188224792480e-01,-7.570562958717346191e-01,2.380454838275909424e-01,-1.299831867218017578e+00,8.606486320495605469e-01,-6.594835519790649414e-01,-1.385689258575439453e+00,-1.272773027420043945e+00,-8.154401183128356934e-01,-2.231361269950866699e-01,7.452809214591979980e-01,3.599990308284759521e-01,-5.736824870109558105e-01,1.292640209197998047e+00,7.006913423538208008e-01,-3.589384853839874268e-01,1.058992266654968262e+00,-7.636598497629165649e-02,7.500000000000000000e+02
1.000000000000000000e+00,1.462989449501037598e+00,9.850531816482543945e-01,3.439167141914367676e-01,5.814973711967468262e-01,-2.639336287975311279e-01,2.201901197433471680e+00,4.878101646900177002e-01,3.192050382494926453e-02,-1.118378758430480957e+00,-1.325801372528076172e+00,6.784225702285766602e-01,-6.625827401876449585e-02,1.173677921295166016e+00,-1.161914706230163574e+00,1.100540637969970703e+00,2.830041050910949707e-01,-1.544479846954345703e+00,1.226331114768981934e+00,1.658796548843383789e+00,1.673208355903625488e+00,1.585578799247741699e+00,-5.736824870109558105e-01,-1.303988814353942871e+00,-5.445621013641357422e-01,3.197953939437866211e+00,-4.824001789093017578e-01,7.011922001838684082e-01,1.250000000000000000e+03
1.000000000000000000e+00,1.071107506752014160e+00,2.826317846775054932e-01,-1.240902304649353027e+00,3.977014422416687012e-01,-5.423048138618469238e-01,-1.054220795631408691e+00,1.010567426681518555e+00,-1.450102329254150391e+00,7.465060949325561523e-01,7.542607188224792480e-01,-1.092514991760253906e+00,-1.116998672485351562e+00,4.207109808921813965e-01,8.606486320495605469e-01,-8.128272294998168945e-01,-7.922534346580505371e-01,-9.670692682266235352e-01,-8.154401183128356934e-01,-6.440809965133666992e-01,7.255747318267822266e-01,-1.005546212196350098e+00,-5.736824870109558105e-01,-3.881542757153511047e-02,-2.606262266635894775e-02,2.628057956695556641e+00,1.914396405220031738e+00,4.590338468551635742e-01,1.500000000000000000e+03
0.000000000000000000e+00,-9.476010799407958984e-01,-3.986501693725585938e-01,4.393378496170043945e-01,-2.644575536251068115e-01,-1.667697668075561523e+00,-5.983562208712100983e-03,-1.112002491950988770e+00,-1.757215112447738647e-01,-2.064805291593074799e-02,7.542607188224792480e-01,-1.040956974029541016e+00,5.967823863029479980e-01,-1.693715333938598633e+00,-1.161914706230163574e+00,-5.030658841133117676e-01,6.377106159925460815e-02,-8.134398460388183594e-01,-8.154401183128356934e-01,1.214071139693260193e-01,-1.245567481964826584e-02,1.579099893569946289e+00,-5.736824870109558105e-01,-1.191164478659629822e-01,-3.791036605834960938e-01,-3.414409458637237549e-01,-1.283374667167663574e+00,-1.497219562530517578e+00,1.500000000000000000e+03
1.000000000000000000e+00,2.216578722000122070e+00,-4.586840271949768066e-01,9.477739930152893066e-01,-2.347608089447021484e+00,8.976150155067443848e-01,-5.983562208712100983e-03,1.686418414115905762e+00,-3.505115509033203125e-01,-1.099271416664123535e+00,-1.325801372528076172e+00,8.171155452728271484e-01,2.070011377334594727e+00,3.239635825157165527e-01,8.606486320495605469e-01,8.458910584449768066e-01,-2.082068204879760742e+00,6.073749661445617676e-01,-8.154401183128356934e-01,1.390535831451416016e+00,-1.536016315221786499e-01,-6.625636219978332520e-01,-5.736824870109558105e-01,1.132641196250915527e+00,2.296863794326782227e+00,-2.724766135215759277e-01,2.298013687133789062e+00,2.274144887924194336e+00,1.000000000000000000e+03
0.000000000000000000e+00,3.278662860393524170e-01,1.000569701194763184e+00,-1.150919675827026367e+00,-1.945427894592285156e+00,-2.678618729114532471e-01,-1.054220795631408691e+00,-1.342181086540222168e+00,-7.306720614433288574e-01,5.996278524398803711e-01,-1.325801372528076172e+00,-7.703347206115722656e-01,4.592501819133758545e-01,8.385571241378784180e-01,8.606486320495605469e-01,-7.605320960283279419e-02,-2.375835776329040527e-01,-9.956731796264648438e-01,1.226331114768981934e+00,-1.308975934982299805e+00,-8.553088903427124023e-01,-1.830424815416336060e-01,-5.736824870109558105e-01,-8.836071491241455078e-01,-5.714914798736572266e-01,-3.154504299163818359e-01,-4.116059839725494385e-01,-8.742768764495849609e-01,7.500000000000000000e+02
0.000000000000000000e+00,1.307498365640640259e-01,-9.056094884872436523e-01,8.002142906188964844e-01,-1.613008618354797363e+00,8.968100547790527344e-01,-1.054220795631408691e+00,-9.502461552619934082e-01,-1.135149121284484863e+00,-1.230945229530334473e+00,7.542607188224792480e-01,-1.495702505111694336e+00,-1.214331239461898804e-01,4.527944922447204590e-01,-1.161914706230163574e+00,-1.411710262298583984e+00,-3.093474805355072021e-01,-1.146479249000549316e+00,1.226331114768981934e+00,-1.699914216995239258e+00,-6.091632843017578125e-01,-5.805329680442810059e-01,-5.736824870109558105e-01,-9.637985229492187500e-01,-5.585733652114868164e-01,-3.422314524650573730e-01,-9.657019376754760742e-01,-1.678131103515625000e+00,1.250000000000000000e+03
1.000000000000000000e+00,1.390632748603820801e+00,4.653830453753471375e-02,-7.884415388107299805e-01,5.236857533454895020e-01,-9.192044138908386230e-01,-5.983562208712100983e-03,4.339338541030883789e-01,1.094336062669754028e-01,4.308608770370483398e-01,-1.325801372528076172e+00,5.438598990440368652e-01,-2.931827306747436523e-01,8.389210104942321777e-01,8.606486320495605469e-01,9.313039779663085938e-01,-1.275503277778625488e+00,1.457347035408020020e+00,-8.154401183128356934e-01,1.226565718650817871e+00,2.374878078699111938e-01,-1.157173633575439453e+00,1.743123292922973633e+00,8.156651258468627930e-01,5.051647424697875977e-01,-2.500556111335754395e-01,-9.025169610977172852e-01,4.047786295413970947e-01,7.500000000000000000e+02
0.000000000000000000e+00,2.470645904541015625e-01,1.760624647140502930e+00,2.078608423471450806e-01,7.590312361717224121e-01,-2.792000174522399902e-01,-1.054220795631408691e+00,-4.129229187965393066e-01,-1.168946743011474609e+00,1.544697403907775879e+00,7.542607188224792480e-01,-9.007728099822998047e-01,-1.754376530647277832e+00,-1.660601258277893066e+00,8.606486320495605469e-01,-1.939030885696411133e-01,-3.680350482463836670e-01,1.666033506393432617e+00,-8.154401183128356934e-01,-1.665517687797546387e+00,3.449217677116394043e-01,1.286040306091308594e+00,-5.736824870109558105e-01,-1.391252517700195312e+00,-4.780183732509613037e-01,-6.966458261013031006e-02,1.911441087722778320e+00,8.239513635635375977e-01,4.999999694824218750e+02
